{
  "threshold0": {
    "micro_f1": 0.8693304535637149,
    "macro_f1": 0.8618450286350368,
    "micro_p": 0.8984375,
    "micro_r": 0.8420502092050209
  },
  "tuned": {
    "micro_f1": 0.8779193205944799,
    "macro_f1": 0.8709718953744731,
    "micro_p": 0.8911637931034483,
    "micro_r": 0.8650627615062761
  }
}