{
  "cardiovascular": -0.15037087300212945,
  "hepatorenal": -0.2059287528260747,
  "neurological": -0.07057743600300254,
  "oncological": 0.36298091706629737
}